<?xml version="1.0" encoding="UTF-8" standalone="yes"?>
<addon id="repository.fightnight" name="fightnight repo" version="1.6" provider-name="fightnight">
	<extension point="xbmc.addon.repository" name="fightnight">
		<info compressed="false">https://raw.githubusercontent.com/fightnight/f-base/master/addons.xml</info>
		<checksum>https://raw.githubusercontent.com/fightnight/f-base/master/addons.xml.md5</checksum>
		<datadir zip="true">https://raw.githubusercontent.com/fightnight/f-base/master</datadir>
	</extension>
	<extension point="xbmc.addon.metadata">
		<summary>Os meus addons para o XBMC</summary>
		<description>Os meus addons para o XBMC</description>
		<platform>all</platform>
	</extension>
</addon>

