﻿<?xml version="1.0" encoding="UTF-8" standalone="yes"?>
<addon id="repository.sembilhete.tv" name="sembilhete.tv repository" version="0.0.1" provider-name="Sem Bilhete">
	<extension point="xbmc.addon.repository" name="sembilhete.tv Repository">
		<info compressed="false">https://sembilhete.tv/static/kodi/addons.xml</info>
		<checksum>https://sembilhete.tv/static/kodi/addons.xml.md5</checksum>
		<datadir zip="true">https://sembilhete.tv/static/kodi/repo/</datadir>
	</extension>
	<extension point="xbmc.addon.metadata">
		<summary>Sem Bilhete Addon</summary>
		<description>Addon Description</description>
		<disclaimer></disclaimer>
		<platform>all</platform>
	</extension>
</addon>