<?xml version="1.0" encoding="UTF-8" standalone="yes"?>
<addon id="plugin.video.anitube" name="AniTube" version="0.0.3" provider-name="hgarcia/eseffair/Mafarricos">
  <requires>
    <import addon="xbmc.python" version="2.1.0"/>
  </requires>
  <extension point="xbmc.python.pluginsource" library="addon.py">
    <provides>video</provides>
  </extension>
  <extension point="xbmc.addon.metadata">
    <language>en</language>
    <platform>all</platform>
    <summary lang="en">AniTube on XBMC</summary>
    <description lang="en">AniTube on XBMC</description>
    <platform>all</platform>
  </extension>
</addon>
